proxy,target,pre_fix_rho,pre_fix_ci_lower,pre_fix_ci_upper,post_fix_rho,post_fix_ci_lower,post_fix_ci_upper,rho_change,comparison_scope,full_pipeline_post_fix_rho,full_pipeline_post_fix_ci_lower,full_pipeline_post_fix_ci_upper,full_pipeline_rho_change,pre_fix_retained_abs_weight_fraction,post_fix_retained_abs_weight_fraction
visual_complexity_proxy,structural_clutter_index,0.6275358421293914,0.620933986552224,0.6346039381366698,0.6275358421293914,0.620933986552224,0.6346039381366698,0.0,only saliency-derived columns replaced,0.6227286605078857,0.6145993686454123,0.6302890342733289,-0.0048071816215057295,1.0,1.0
layout_order_proxy,geometric_order_index,0.22718060689321673,0.20872240605366,0.24625626655023203,0.27454417116065943,0.25551649309256474,0.2944847443567338,0.047363564267442704,only saliency-derived columns replaced,0.27454417116065943,0.25551649309256474,0.2944847443567338,0.047363564267442704,0.85,1.0
colour_harmony_proxy,palette_coherence_index,-0.09959700709870742,-0.1142814612371241,-0.08328845883457978,-0.09959700709870742,-0.1142814612371241,-0.08328845883457978,0.0,only saliency-derived columns replaced,-0.09766996518828833,-0.11270675931944009,-0.08142006152485852,0.0019270419104190917,1.0,1.0
visual_intensity_proxy,visual_salience_index,0.1870563598617441,0.16706917437413335,0.20696104817349878,0.1870563598617441,0.16706917437413335,0.20696104817349878,0.0,only saliency-derived columns replaced,0.1870563598617441,0.16706917437413335,0.20696104817349878,0.0,1.0,1.0
layout_hierarchy_proxy,focal_hierarchy_index,0.5236238189153176,0.5080822839676556,0.5372218361621401,0.26032112619450437,0.2267309126926637,0.2879271769226088,-0.26330269272081325,only saliency-derived columns replaced,0.26032112619450437,0.2267309126926637,0.2879271769226088,-0.26330269272081325,0.55,1.0
