field,n_images,n_unique,minimum,maximum,sample_std,finite,passed_non_degenerate
saliency_mean,1250,1250,0.0630479976534843,0.1966562867164611,0.02626738030327204,True,True
saliency_std,1250,1250,0.1062091439962387,0.2430026233196258,0.025712960150824617,True,True
fg_bg_ratio,1250,1218,0.2099571228027343,0.3738746643066406,0.024953650910593695,True,True
rule_of_thirds,1250,1250,0.8343725196250363,0.9940893598381244,0.030839083355377384,True,True
center_offset_x,1250,1250,-0.351729379277411,0.0727206261603132,0.06806354503599586,True,True
center_offset_y,1250,1250,-0.3240047632709335,0.1199618098249473,0.07093906885965767,True,True
