proxy,target,n_images,n_seed_clusters,rho,cluster_ci_lower,cluster_ci_upper,max_abs_non_target_rho,max_abs_non_target_name,selectivity_margin
visual_complexity_proxy,structural_clutter_index,1250,10,0.8949678131144582,0.8842216404360147,0.9037389218975163,0.206080146649829,geometric_order_index,0.6888876664646292
layout_order_proxy,geometric_order_index,1250,10,0.2911280238253254,0.27958979267158235,0.30130405162445534,0.8469766040065884,structural_clutter_index,-0.5558485801812629
colour_harmony_proxy,palette_coherence_index,1250,10,0.06054042706108674,-0.1359737460036605,0.22234760074099055,0.27792394614471627,focal_hierarchy_index,-0.21738351908362952
visual_intensity_proxy,visual_salience_index,1250,10,0.6739714846397518,0.6204985314055009,0.72964076246399,0.5147294345711534,focal_hierarchy_index,0.15924205006859837
layout_hierarchy_proxy,focal_hierarchy_index,1250,10,0.13093839791707626,0.0979666837920631,0.16498777471382567,0.4459029039550488,visual_salience_index,-0.31496450603797255
